{
  "train_loss": [
    0.6848783294359843,
    0.7169213692347208,
    0.6812538107236227,
    0.6889583667119344,
    0.7075380881627401,
    0.691079835096995,
    0.7016355991363525,
    0.7024008830388387,
    0.6992098887761434,
    0.708207348982493,
    0.6788185040156046,
    0.6842995087305704,
    0.712118407090505,
    0.6828130086263021,
    0.6938784519831339,
    0.7126282652219137,
    0.7191543181737264,
    0.6893561085065206,
    0.6894177198410034,
    0.7173938155174255,
    0.6956949035326639,
    0.7010969519615173,
    0.7174132466316223,
    0.6720127065976461,
    0.7052335143089294,
    0.742608368396759,
    0.6938855051994324,
    0.6982035040855408,
    0.7041763464609782,
    0.6787321964899699,
    0.7126582662264506,
    0.7011038859685262,
    0.7031619151433309,
    0.7541492978731791,
    0.704423705736796,
    0.7228833238283793,
    0.6723683476448059,
    0.6989214022954305,
    0.691291093826294,
    0.6883729696273804,
    0.7278452714284261,
    0.6746066212654114,
    0.718177874883016,
    0.6986430486043295,
    0.7522230545679728,
    0.700545072555542,
    0.6787768801053365,
    0.6734129985173544,
    0.6993732849756876,
    0.6864763895670573
  ],
  "train_acc": [
    0.6666666666666666,
    0.5,
    0.6666666666666666,
    0.6666666666666666,
    0.5,
    0.5,
    0.5,
    0.5,
    0.5,
    0.3333333333333333,
    0.5,
    0.6666666666666666,
    0.5,
    0.5,
    0.5,
    0.3333333333333333,
    0.3333333333333333,
    0.5,
    0.5,
    0.5,
    0.5,
    0.3333333333333333,
    0.5,
    0.6666666666666666,
    0.5,
    0.0,
    0.5,
    0.5,
    0.5,
    0.5,
    0.16666666666666666,
    0.5,
    0.3333333333333333,
    0.0,
    0.5,
    0.16666666666666666,
    0.6666666666666666,
    0.5,
    0.6666666666666666,
    0.6666666666666666,
    0.16666666666666666,
    0.8333333333333334,
    0.3333333333333333,
    0.3333333333333333,
    0.0,
    0.3333333333333333,
    0.6666666666666666,
    0.6666666666666666,
    0.5,
    0.8333333333333334
  ],
  "val_loss": [
    0.6933301687240601,
    0.6931763887405396,
    0.6931531429290771,
    0.6931607127189636,
    0.6932345032691956,
    0.6938813924789429,
    0.693600058555603,
    0.6934268474578857,
    0.6933468580245972,
    0.6939876079559326,
    0.6933658719062805,
    0.6931565999984741,
    0.6934102773666382,
    0.6938384175300598,
    0.6932324171066284,
    0.6935806274414062,
    0.6931706666946411,
    0.6933323740959167,
    0.6934966444969177,
    0.6951733231544495,
    0.6934788823127747,
    0.6941585540771484,
    0.6936204433441162,
    0.6931476593017578,
    0.6934370994567871,
    0.6938118934631348,
    0.693162202835083,
    0.6936376690864563,
    0.6931473016738892,
    0.6932476758956909,
    0.6947575807571411,
    0.6952919960021973,
    0.6949901580810547,
    0.6936471462249756,
    0.6946511268615723,
    0.6935546398162842,
    0.6931472420692444,
    0.693224310874939,
    0.6934775114059448,
    0.6938680410385132,
    0.6934428215026855,
    0.6934685707092285,
    0.6931474208831787,
    0.6937876343727112,
    0.6931478977203369,
    0.6932072639465332,
    0.6935655474662781,
    0.6939730048179626,
    0.6941674947738647,
    0.6939913034439087
  ],
  "val_acc": [
    0.5,
    0.5,
    0.5,
    0.5,
    0.5,
    0.5,
    0.5,
    0.5,
    0.5,
    0.5,
    0.5,
    0.5,
    0.5,
    0.5,
    0.5,
    0.5,
    0.5,
    0.5,
    0.5,
    0.5,
    0.5,
    0.5,
    0.5,
    0.5,
    0.5,
    0.5,
    0.5,
    0.5,
    0.5,
    0.5,
    0.5,
    0.5,
    0.5,
    0.5,
    0.5,
    0.5,
    0.5,
    0.5,
    0.5,
    0.5,
    0.5,
    0.5,
    0.5,
    0.5,
    0.5,
    0.5,
    0.5,
    0.5,
    0.5,
    0.5
  ]
}